978-0-01-213170-1,
978-0-215-71167-0,
978-0-85392-387-9,2025-11-16
978-1-57653-224-9,2025-10-27
978-0-211-59695-0,2025-11-10
978-0-590-77302-7,2025-10-24
978-1-207-22785-8,
1-84348-614-8,
978-0-14-659694-0,
978-0-8065-9424-8,
978-0-7206-2940-8,2025-11-08
978-0-671-72107-7,2025-10-31
978-0-85392-387-9,2025-11-14
978-0-02-149573-3,2025-10-26
978-0-941108-58-4,
978-0-467-08015-9,
978-0-918419-84-2,2025-10-31
978-1-66634-869-9,2025-10-26
978-0-475-38812-4,
978-1-230-47657-5,
978-1-03-287001-4,
978-1-951014-62-9,
978-0-371-04782-8,
978-0-441-86199-6,
978-1-296-64526-7,2025-11-13
978-0-8076-0872-2,2025-10-14
978-0-7754-0718-1,2025-10-31
978-0-619-00011-0,2025-10-20
978-0-7026-2197-0,2028-07-14
0-553-07007-X,2025-11-15
1-342-48761-3,
978-1-165-05415-2,2025-11-08
978-0-681-69543-6,2025-10-23
978-0-89063-623-7,2025-10-25
978-1-258-02226-6,2025-10-28
978-0-7777-9164-6,2025-10-22
978-1-63922-574-3,2025-10-20
978-1-261-60647-7,2025-10-26
978-0-11-961540-1,2025-10-23
978-1-129-94338-6,2025-10-31
0-553-07007-X,2025-11-04
978-0-279-45449-0,2025-11-14
978-1-4635-8341-5,2025-10-22
978-1-305-27354-2,2025-11-03
978-1-68326-748-5,2025-10-18
978-1-60422-311-8,2025-10-24
978-0-267-31535-2,2025-10-27
978-0-385-83790-3,
978-1-275-97406-7,
978-1-66634-869-9,2025-11-10
978-1-5365-8613-8,2025-11-10
978-0-412-34108-3,2025-10-14
978-0-15-169201-9,2025-10-17
978-0-00-695489-7,2025-10-24
978-0-85392-387-9,2025-11-16
978-0-671-72107-7,2025-10-25
978-1-67593-595-8,2025-11-04
978-0-468-54432-2,2025-10-21
0-7714-0683-5,
978-1-992177-87-1,2025-11-08
978-0-518-10929-7,2025-10-15
978-0-9710163-0-9,2025-11-02
978-0-251-30182-8,
978-1-66634-869-9,2025-11-03
0-675-41232-3,2025-11-06
978-0-11-995336-7,2025-10-23
978-1-55399-944-7,2025-10-15
978-0-01-113203-7,2025-11-17
0-02-002669-2,2025-10-31
978-1-347-00958-1,2025-10-23
978-0-918419-84-2,2025-11-01
978-1-4449-2357-5,2025-10-14
978-1-06-266844-5,2025-11-03
978-0-676-94015-2,2025-11-06
978-0-9949040-4-1,2025-10-14
978-1-5244-5942-0,2025-10-28
978-1-4789-6048-5,2025-10-19
0-355-56337-1,2025-11-10
978-0-427-19033-1,2025-11-03
978-1-77295-193-6,2025-11-03
978-0-19-148214-4,2025-11-08
978-1-964834-48-1,2025-10-31
978-1-140-59753-7,2025-11-03
978-0-8309-0180-7,2025-10-19
978-1-356-18207-7,2025-11-17
978-1-208-05216-9,2025-10-22
978-0-303-55977-1,2025-11-05
978-0-411-95572-4,2025-10-30
978-0-926910-59-1,2025-10-20
978-1-4944-1839-7,2025-11-03
978-0-9983110-7-4,
978-1-101-20158-9,2025-10-21
978-1-938508-21-9,2025-10-24
978-0-918419-84-2,2025-11-01
978-0-455-11516-0,2025-10-15
978-0-403-55166-8,2025-10-22
978-0-7704-8370-8,2025-10-27
978-0-7508-6002-4,2025-11-14
978-0-235-10945-7,2025-10-19
978-1-189-01344-9,2025-10-28
978-0-8199-7095-4,2025-11-04
978-1-65991-299-9,2025-10-17
1-886949-18-2,2025-10-29
978-0-9555616-8-9,2025-11-16
978-0-7528-6126-5,2025-10-22
978-0-9684767-2-7,2025-10-17
978-0-8213-3861-2,2025-11-05
978-1-83584-025-2,2025-10-27
978-0-659-29549-1,2025-11-09
978-1-202-14096-1,
978-1-393-41612-8,2025-10-30
978-1-5138-5131-0,2025-11-01
978-0-05-267596-8,2025-11-11
978-1-78945-794-0,2025-11-05
978-0-496-82024-5,2025-10-30
978-0-561-86361-0,2025-10-21
978-0-08-708599-2,
978-1-183-40976-7,2025-11-09
978-0-09-874557-1,2025-11-01
978-0-456-09324-5,2025-10-26
978-0-279-45449-0,2025-10-29
978-0-215-71167-0,
978-0-249-78623-1,
978-0-8131-8794-5,
978-0-292-27797-7,
978-0-8309-0180-7,2025-11-01
978-1-251-33015-3,2025-10-21
978-1-70252-091-1,2025-11-05
978-0-219-79949-0,
978-0-534-57078-1,2025-10-25
978-1-4018-9273-9,2025-10-22
978-0-941108-58-4,2025-10-19
978-0-09-723358-1,2025-10-30
978-0-400-73959-5,2025-10-29
978-0-537-55855-7,2025-10-29
978-0-7945-9074-1,
978-0-15-169201-9,2025-10-23
978-1-60588-380-9,2025-11-02
978-1-85642-418-9,2025-10-25
978-1-62745-322-6,
978-0-545-71666-6,
978-1-927901-31-1,
978-0-88107-455-0,
978-1-74314-752-8,2025-11-07
978-1-5476-9152-4,2025-10-17
978-1-4153-6550-2,2025-10-25
978-0-263-18785-4,2025-11-04
978-1-00-206049-0,
978-0-16-493466-3,
978-0-00-560005-4,
978-1-4598-7647-7,
1-4861-1747-3,
978-1-71099-075-1,2025-11-05
978-0-9983110-7-4,
978-1-311-16543-5,2025-10-31
978-1-4773-8815-0,2025-10-31
978-0-05-779040-6,2025-10-28
978-1-58192-802-0,2025-10-19
978-0-215-71167-0,
978-1-56799-454-4,2025-11-07
978-1-321-24356-7,
978-1-05-524222-5,2025-10-15
978-0-378-24901-0,2025-10-21
978-1-311-71856-3,2025-10-27
978-1-80187-802-9,2025-10-29
978-0-7709-7492-3,2025-10-14
978-0-317-62936-1,2025-10-21
0-307-25760-6,2025-10-23
978-0-581-34377-2,2025-11-05
978-1-80029-925-2,2025-10-26
978-1-222-08518-1,2028-07-01
978-1-71657-244-9,2025-10-19
978-0-357-48339-8,2025-11-01
978-0-234-94946-7,2025-11-02
978-0-282-75378-8,2025-11-17
978-0-7994-0153-0,2025-11-04
978-1-297-29309-2,2025-10-25
978-1-307-08653-9,2025-11-12
978-0-399-69078-5,2025-11-03
978-1-05-085153-8,2025-11-02
978-1-123-04537-6,2025-11-06
978-0-912737-92-8,2025-11-02
978-0-606-58489-0,2025-11-07
978-0-498-72009-3,2025-10-17
978-0-02-456354-5,
978-0-19-148214-4,2025-10-25
978-1-200-68507-5,2025-10-29
978-0-351-65967-6,2025-10-20
978-1-927670-50-7,2025-10-16
978-1-196-65285-3,2025-10-30
978-0-599-01862-4,2025-11-02
978-0-462-89625-0,2025-10-28
978-1-4599-5009-2,2025-10-14
978-1-00-175301-0,2025-11-05
978-0-406-29435-7,2025-10-31
978-0-498-62790-3,2025-10-27
978-1-219-95291-5,2025-11-04
978-1-895306-29-3,2025-11-15
978-1-57683-781-8,2025-10-29
978-1-135-07748-8,2025-10-27
978-0-658-39113-2,2025-11-08
978-1-5127-5081-2,2025-10-20
978-1-70726-111-6,2025-10-25
978-1-64525-906-0,
978-0-05-779040-6,
978-0-9983110-7-4,
978-1-63346-136-9,2025-10-28
978-1-83432-104-2,2025-10-24
978-0-09-524115-1,2025-10-19
978-1-84642-063-4,2025-11-03
978-0-912561-44-8,
978-1-72103-066-8,2025-10-14
978-0-613-28140-9,2025-10-25
978-0-339-73688-7,2025-11-01
978-0-10-859165-5,2025-10-29
978-1-00-476563-8,2025-11-14
978-0-315-51354-9,2025-11-17
978-1-951807-71-9,
978-0-7701-6465-2,
978-1-78263-127-9,
978-0-8083-1276-5,
978-0-678-15442-7,
978-1-4674-2439-4,
978-1-314-20814-6,
978-1-71316-072-4,
978-1-4040-2812-8,2025-10-31
978-0-590-77302-7,2025-10-23
978-1-936307-42-5,2025-10-21
978-0-939408-87-0,2025-11-03
978-0-674-24471-9,2025-10-19
978-1-943474-66-0,2025-10-23
978-0-403-35362-0,2025-11-03
978-1-01-390201-7,
978-1-277-63746-5,
978-1-58991-592-3,
978-0-463-97786-6,2025-11-03
978-0-537-67436-3,2028-06-27
978-1-60588-380-9,2025-10-27
978-0-10-134310-7,2025-10-29
978-0-87912-652-0,2025-11-15
978-1-64214-876-3,2025-10-30
978-1-70252-091-1,2025-10-29
978-0-570-53001-5,
978-0-7743-1561-6,2025-10-24
978-1-171-38666-7,2025-11-02
978-0-281-80390-3,2025-11-02
978-0-283-43450-1,2025-10-23
978-1-4992-2970-7,2025-11-03
978-0-919775-34-3,2025-10-10
978-0-259-68214-1,2025-10-28
978-0-13-550229-7,2025-10-29
978-0-522-95282-7,2025-10-19
978-0-301-52384-2,2025-10-27
978-1-67389-964-1,2025-11-04
978-1-230-47657-5,2025-10-23
978-1-58618-772-9,2025-10-20
978-0-7091-6753-2,2025-11-10
978-1-4854-4563-0,2025-11-07
978-1-356-18207-7,2025-10-31
978-1-58297-750-8,2025-11-09
978-0-650-55784-0,2025-11-03
978-1-69109-873-6,2025-10-16
978-0-9792920-4-0,
978-0-475-25727-7,
978-0-292-76739-3,
978-0-03-902042-2,2025-10-26
978-0-16-978409-6,2025-11-05
0-470-35201-9,2025-10-14
978-1-02-481863-5,
978-1-55860-297-7,2025-11-02
978-0-224-32198-3,2025-11-12
978-0-257-99860-2,2025-10-26
978-0-403-35362-0,2025-10-15
978-0-9742478-9-2,2025-10-26
0-355-56337-1,2025-10-31
978-1-78263-127-9,2025-10-24
978-1-56799-454-4,2025-10-25
978-1-02-919553-3,2025-10-28
978-1-00-467580-7,2025-10-21
978-0-529-09019-5,2025-10-31
0-260-60305-8,2025-10-12
0-287-35381-8,2025-11-04
978-0-7704-8370-8,2025-11-02
978-0-674-24471-9,2025-10-21
978-1-82042-336-1,2025-11-03
978-1-286-14574-6,2025-10-31
978-1-60181-047-2,
978-0-02-712092-9,2025-10-24
978-1-61621-500-2,2025-11-15
1-893310-79-5,2025-11-12
978-0-919775-34-3,2025-10-11
978-1-283-80277-2,
978-0-10-171749-6,2025-11-04
978-0-348-30312-4,2028-06-27
978-0-503-38324-4,2025-11-13
978-1-72505-568-1,2025-11-11
978-0-9792920-4-0,
978-0-630-46472-4,2025-11-07
0-604-02526-2,2025-10-28
978-1-178-16407-7,2025-10-29
978-0-496-08500-2,2025-11-11
0-7455-1444-8,
978-0-88107-455-0,
978-1-331-58988-4,
978-0-9745888-8-9,
978-1-283-80277-2,
1-281-85677-0,2025-10-30
978-1-311-71856-3,2025-10-31
978-0-626-00599-3,2025-11-01
978-0-643-52120-9,2025-11-06
978-0-7842-4912-3,2025-10-21
978-0-18-274657-6,2025-11-07
978-1-59162-222-2,2025-11-02
978-0-9896737-5-4,2025-10-22
978-0-00-695489-7,2025-11-01
978-0-341-30575-0,
978-0-694-61030-3,2025-11-01
978-0-234-00150-9,2025-10-24
978-0-7754-0718-1,2025-10-15
978-1-204-49655-4,2025-10-15
978-0-7547-5675-0,2025-10-21
978-0-267-31535-2,2025-10-30
0-491-41773-X,2025-11-16
978-0-593-01923-8,2025-10-23
978-0-357-89118-6,2025-10-29
978-0-316-10300-8,2025-10-22
978-1-4709-9716-8,2025-11-17
978-0-360-17998-1,2025-10-14
978-1-274-99094-5,2025-11-05
978-0-85392-387-9,2025-11-13
978-1-83559-108-6,2025-11-05
978-1-5375-9898-7,2025-10-26
978-0-14-456635-8,2025-11-09
978-1-85467-662-7,2025-10-21
978-1-71308-552-2,2025-11-03
978-0-7313-9811-9,
978-0-328-06881-4,
978-1-4489-0632-1,
978-0-625-68391-8,
978-1-335-26983-6,
978-0-511-46510-9,2025-10-31
978-1-77528-647-9,2025-10-18
978-0-250-86287-0,2025-10-30
978-0-941108-58-4,2025-10-17
978-0-654-99322-4,2025-10-24
978-1-230-61182-2,2025-10-12
978-1-04-686606-5,2025-11-03
978-0-8127-5084-3,2025-10-22
978-0-13-264707-6,2025-10-31
978-1-942880-46-2,2025-11-02
978-0-18-039687-2,2025-11-02
978-0-8131-8794-5,2025-10-17
978-0-682-87101-3,2025-10-30
978-0-340-54680-2,2025-10-30
978-1-00-934175-2,2025-10-22
978-1-80817-371-4,2025-10-12
978-1-70584-361-1,2025-10-28
978-1-291-53163-3,
978-1-5250-1410-9,
978-1-183-69632-7,
978-1-57588-521-6,2025-11-02
978-0-18-061073-2,2025-11-02
978-1-67057-982-9,2028-07-02
0-491-41773-X,2025-11-10
978-0-09-659649-6,2025-10-28
978-1-328-62183-2,2025-10-19
978-1-55230-927-8,2025-11-01
978-0-7151-2015-6,2025-10-26
978-0-8015-6359-1,2025-11-04
978-0-433-43704-8,2025-10-24
978-0-18-661140-5,2025-11-01
978-1-250-03790-9,2025-11-09
978-1-81584-540-6,2025-10-16
978-0-659-29549-1,2025-10-29
978-0-8250-0641-8,2025-10-23
978-1-66926-191-9,2025-11-10
978-0-683-67536-8,2025-11-07
978-1-128-77885-9,2025-11-01
978-0-433-43704-8,2025-10-26
978-1-4755-5357-4,2025-11-06
978-0-370-94616-0,
978-0-07-682231-7,
1-5232-4441-0,
978-0-328-31587-1,
978-0-925207-60-9,2025-10-26
978-0-05-993549-2,2025-11-07
978-0-413-28923-0,2025-11-07
978-0-410-71681-4,2025-10-31
978-0-522-95282-7,2025-10-15
978-0-448-33698-5,2025-10-28
978-1-77848-036-2,2025-10-30
978-1-208-05216-9,2025-10-25
978-1-931721-29-5,2025-10-16
978-1-09-375556-5,2025-10-23
978-1-4203-3140-0,2025-11-05
978-0-370-94616-0,2025-10-31
978-1-55399-944-7,2025-10-16
978-1-285-70746-4,2025-11-13
978-1-4449-2357-5,2025-10-23
978-1-69861-760-2,2025-10-29
978-0-537-67436-3,2028-06-30
978-0-232-41579-7,2025-11-03
978-1-872948-55-3,2025-11-09
978-1-04-465241-7,2025-11-06
978-0-257-99860-2,2025-10-28
978-1-77295-193-6,2025-10-23
978-1-07-181243-3,2025-10-28
978-1-5333-7243-7,2025-10-14
978-1-930260-87-0,
978-1-4471-4458-8,2025-10-27
978-1-58645-422-7,2025-11-04
978-0-296-21568-5,2025-10-31
978-0-362-95196-7,2025-10-24
978-0-590-80277-2,2025-10-28
978-1-335-26983-6,2025-10-20
978-1-9840-2546-3,
978-1-57289-606-2,
978-1-68323-256-8,
978-1-65250-995-0,
978-1-65380-865-6,
978-1-57588-521-6,2025-10-14
978-0-259-15383-2,
978-0-678-15442-7,2025-11-16
978-1-902537-31-3,2025-10-28
978-1-256-18488-1,2025-11-06
978-0-580-10516-6,2025-11-03
978-0-7103-8530-7,2025-11-09
978-1-63045-260-5,
978-1-892193-04-9,2025-10-15
978-1-322-38722-2,2025-10-15
978-1-61621-500-2,2025-11-16
978-0-8215-9542-8,2028-07-09
978-0-448-33698-5,2025-10-31
978-1-194-18301-4,
978-0-524-97155-0,
978-1-4203-3140-0,
978-0-05-993549-2,2025-11-11
978-0-211-59695-0,2025-11-05
978-1-208-05216-9,2025-10-28
978-1-4364-8086-4,2025-10-18
978-0-7037-6490-4,2025-10-18
0-13-579063-8,2025-10-31
978-1-64525-906-0,2025-10-23
978-1-86745-591-2,2025-10-24
978-0-949693-05-1,2025-11-06
978-0-445-68043-2,2028-07-05
978-1-175-63555-6,2025-10-19
978-0-308-49674-3,2025-10-29
978-0-498-80987-3,2025-10-16
978-1-57253-298-4,2025-10-29
1-927268-17-6,2025-11-03
978-0-8127-5084-3,2025-10-28
978-0-251-30182-8,2025-11-07
978-0-8417-5534-5,2025-11-09
978-1-283-80277-2,
978-0-446-61040-7,2025-10-27
978-1-930260-87-0,2025-11-02
978-1-911194-71-2,2025-11-11
978-1-138-62171-8,2025-11-09
978-0-370-69013-1,2025-11-03
978-0-7389-2996-5,2025-11-09
978-0-14-032732-8,2025-11-10
978-0-14-297169-7,2025-10-21
978-0-7722-9856-0,2025-10-18
978-1-85642-418-9,2025-10-15
978-1-4377-1927-7,2025-10-30
978-1-363-07339-9,2025-11-01
0-01-866209-9,2025-10-28
978-1-274-99094-5,2025-11-10
978-0-549-16553-8,
978-0-04-433234-3,
978-0-9710163-0-9,
978-0-296-21568-5,
978-1-339-47517-2,
978-1-4153-6550-2,
978-1-314-20814-6,2025-11-09
978-1-05-192147-6,2025-10-19
978-0-8259-0396-0,2025-10-31
978-0-04-104198-9,2025-11-02
978-1-5446-0092-5,2025-11-10
978-0-02-304300-0,2025-10-23
978-0-290-55118-5,2025-11-14
978-0-408-69701-9,2028-06-26
978-0-549-16553-8,
1-5232-4441-0,2025-10-18
978-1-78263-127-9,2025-10-26
978-1-74044-149-0,2025-10-14
978-1-291-53163-3,2025-10-31
978-0-378-13748-5,2025-10-13
978-0-7359-9280-1,
978-1-314-11767-7,2025-10-11
978-0-05-661921-0,2025-11-09
978-1-4474-4268-4,2025-11-03
978-0-19-747125-8,2025-10-27
978-1-81094-163-9,2025-11-10
978-1-80817-371-4,2025-10-25
978-0-528-89371-1,
978-1-83681-244-9,2025-10-19
978-1-4935-2716-8,2025-10-28
978-0-417-94494-4,2025-11-13
978-0-643-63292-9,2025-10-14
978-1-5124-8986-6,2025-10-27
978-1-967070-25-1,2025-10-19
978-1-4659-0098-2,2025-10-12
978-0-13-946107-1,2025-11-10
978-1-06-421284-4,2025-10-17
978-1-243-47453-7,2025-10-19
1-118-51692-3,2025-10-24
978-1-05-524222-5,2025-10-24
978-1-100-74775-0,2025-10-25
978-1-216-61720-6,2025-11-14
978-1-873435-68-7,2025-10-23
978-0-9801197-9-4,2025-10-27
978-0-337-33344-6,2025-10-26
978-0-273-34522-0,2025-10-30
978-0-7559-8069-7,2025-10-24
978-1-4756-4162-2,2025-10-27
978-0-9561580-9-3,2025-11-02
978-0-528-89371-1,
978-0-7528-6126-5,2025-11-02
978-1-878522-27-6,2025-10-15
978-0-9684767-2-7,2025-10-18
978-1-77055-642-3,
978-1-9791-5062-0,
978-1-82457-386-4,2025-11-16
978-1-127-90496-9,2028-06-26
978-1-72095-637-2,2025-10-20
978-0-05-993549-2,2025-11-03
978-1-303-98486-0,2025-10-21
978-0-919775-34-3,2025-10-12
978-1-74951-823-0,
0-09-113209-6,
978-0-13-721263-7,
978-1-61677-345-8,
978-1-00-476563-8,
978-0-545-71666-6,2025-10-14
978-0-240-19049-5,2025-11-03
978-1-5179-3122-3,2025-10-18
978-0-328-45086-2,2025-10-24
978-0-292-27797-7,2025-10-27
978-0-15-841955-8,2025-10-23
978-1-81609-367-7,2025-10-21
978-0-11-995336-7,2025-10-21
978-1-222-08518-1,2028-07-04
978-0-371-04782-8,2025-11-08
978-0-15-274732-9,2025-11-05
978-1-4919-8240-2,2025-10-28
978-1-5452-3101-2,2025-10-24
978-1-68326-748-5,2025-10-21
978-0-426-65638-8,2025-10-29
978-0-340-40425-6,2025-11-01
978-1-5124-8986-6,2025-10-24
0-227-97056-X,2025-11-01
978-0-296-21568-5,2025-11-15
978-0-87912-652-0,2025-11-07
978-1-00-236488-8,2025-10-15
978-0-915206-25-4,
978-0-317-59669-4,2025-10-25
978-0-7547-5675-0,2025-10-24
978-0-7969-0561-1,2025-11-07
978-0-08-275359-9,2025-10-18
978-1-00-125771-6,2025-10-30
978-0-14-659694-0,2025-10-27
978-1-05-449489-2,2025-10-25
978-0-7152-1339-1,2025-10-27
978-0-263-39912-7,2025-11-01
978-1-7384025-3-3,2025-11-02
978-0-595-14913-1,2025-11-03
978-0-414-79702-4,2025-11-06
978-0-532-62692-3,2025-11-02
0-02-002669-2,2025-11-02
978-1-64946-100-1,2025-11-02
0-7455-1444-8,2025-10-23
978-1-55393-913-9,2025-10-29
978-0-12-132953-2,2025-10-26
978-1-56125-939-7,2025-11-07
978-1-4755-5357-4,2025-11-06
978-0-366-21134-0,2025-11-03
978-0-643-63292-9,2025-11-03
978-1-877897-90-0,2025-11-02
978-0-446-61040-7,2025-11-03
978-0-88510-764-3,2025-10-21
978-1-67695-419-4,2025-10-08
978-1-996195-38-3,2025-10-14
978-0-403-75240-9,
978-0-417-94494-4,
978-0-659-29549-1,2025-11-03
0-604-02526-2,2025-10-27
978-0-549-16553-8,
978-1-356-18207-7,2025-11-06
1-927268-17-6,2025-10-26
978-1-70712-690-3,2025-10-20
978-1-902537-31-3,2025-11-01
978-0-654-99322-4,2025-10-29
978-0-926389-50-2,2025-10-20
978-0-18-046042-9,2025-11-02
978-1-352-82959-4,2025-10-18
978-0-388-53522-6,2025-11-05
978-1-4598-7647-7,2025-10-21
978-1-5490-8897-1,2025-11-11
978-0-88107-455-0,2025-10-29
978-0-8061-1601-3,2025-11-08
978-1-936335-75-6,2025-11-11
978-0-348-81161-2,2025-10-13
978-1-71308-552-2,2025-10-30
978-1-4831-5341-4,2025-10-22
978-0-15-841955-8,2025-10-31
978-1-85830-562-2,2025-10-31
978-0-385-83790-3,
978-0-06-427331-2,2025-10-22
978-1-03-816249-6,2025-11-03
978-0-10-171749-6,2025-10-30
978-1-86635-738-5,2025-10-14
978-0-13-071647-7,2025-10-31
978-1-70749-715-7,2025-11-07
978-0-301-52384-2,2025-10-20
978-0-9896737-5-4,2025-10-22
978-0-580-10516-6,2025-10-30
978-0-89547-086-7,2025-10-29
978-1-85642-418-9,2025-10-21
978-0-8417-5534-5,2025-10-29
978-1-59333-919-7,2025-11-10
978-0-02-696323-7,2025-10-22
978-0-926910-59-1,2025-10-07
978-0-639-05702-6,2025-11-08
978-0-441-57224-3,2025-10-11
978-0-577-42604-5,2025-10-26
978-1-56533-083-2,2025-11-02
978-1-9799-1429-1,
978-1-71657-244-9,
978-1-319-36430-4,
978-0-613-28140-9,
978-0-07-951777-7,
978-1-59333-919-7,
978-1-358-41564-7,
978-1-274-99094-5,2025-11-07
978-0-9790802-9-6,2025-10-19
978-1-949059-59-5,2025-10-23
978-0-16-406409-4,2025-10-29
978-0-630-46472-4,2025-11-08
978-1-05-184823-0,2025-10-14
978-0-248-80617-6,2025-10-25
978-0-259-68214-1,2025-11-03
978-0-629-85653-0,2025-11-13
978-0-626-00599-3,2025-11-07
978-0-9552396-0-1,2025-10-11
978-1-80931-752-0,2025-11-07
978-1-4768-6678-9,2025-10-27
978-0-9547056-4-0,2025-10-30
978-1-391-87450-0,2025-11-13
978-0-8131-8794-5,2025-10-16
978-1-77568-445-9,2025-10-30
978-0-8250-0641-8,2025-11-10
978-1-5244-5942-0,2025-10-14
978-0-17-272605-2,2025-10-24
978-1-5179-3122-3,2025-10-22
978-0-01-213170-1,2025-11-04
978-0-498-62790-3,2025-10-21
978-1-154-19920-8,2025-10-29
978-0-17-272605-2,2025-10-31
978-1-60422-311-8,2025-11-02
978-0-282-75378-8,2025-11-02
978-0-273-34522-0,2025-11-14
978-0-306-16453-8,2025-10-26
978-1-284-35478-2,2025-10-27
978-1-135-07748-8,2025-10-27
978-0-427-19033-1,2025-10-31
978-1-03-025903-3,2025-10-25
978-0-04-028162-1,2025-11-09
978-0-7532-9373-7,2025-10-28
1-927268-17-6,2025-10-21
978-1-968078-85-0,2025-10-30
978-1-246-04414-0,2025-10-22
978-1-56231-660-0,2025-10-18
978-1-4936-9428-0,2025-10-19
0-381-55838-X,2025-11-01
978-0-7508-6002-4,2025-11-17
978-0-682-87101-3,2025-10-14
978-1-77568-445-9,2025-10-31
978-1-357-09119-4,2025-11-08
978-1-4513-3812-6,2025-11-03
978-0-00-589809-3,
978-1-115-59954-2,2025-10-21
978-0-7037-6490-4,2025-10-23
978-1-154-19920-8,2025-10-29
978-0-8065-9424-8,
978-1-62719-527-0,
978-0-654-99322-4,
978-1-958578-32-2,
978-1-349-92859-0,2025-11-07
978-1-08-479584-6,2025-11-11
978-1-77261-048-2,2025-11-08
978-0-396-49208-5,2025-10-30
978-0-620-71644-4,2025-10-25
978-0-613-28140-9,2025-10-19
978-1-02-861546-9,2025-10-24
978-1-144-19499-2,2025-11-06
0-355-56337-1,2025-10-21
978-1-942209-46-1,2025-10-20
978-1-942880-46-2,2025-10-30
978-1-4018-9273-9,2025-10-24
978-0-9874747-6-6,2025-11-05
978-0-7037-6490-4,2025-10-18
978-0-925207-60-9,2025-11-07
978-1-291-30386-5,2025-10-16
978-1-360-89010-4,
0-675-41232-3,2025-10-29
978-1-230-61182-2,2025-10-19
978-0-9745888-8-9,2025-10-29
978-1-989466-52-0,2025-11-02
978-1-80891-196-5,2025-10-24
978-1-297-29309-2,2025-10-16
978-1-279-07866-2,2025-10-23
978-1-5426-8998-4,2025-11-16
978-1-58618-772-9,2025-10-23
0-287-35381-8,2025-11-02
978-0-85615-247-4,2025-11-15
978-1-71341-911-2,2025-11-10
978-1-9791-5062-0,
978-0-9552396-0-1,2025-10-19
978-1-09-328291-7,2025-11-03
978-1-175-63555-6,2025-10-21
978-1-4958-5131-5,
978-1-64544-250-9,
978-0-07-673435-1,
0-7597-5293-1,
